City_ID,City,Country,Date,Lat,Lng,Max Temp,Humidity,Cloudiness,Wind Speed
0,Bredasdorp,ZA,2021-01-14 12:32:22,-34.5322,20.0403,78.8,65,3,16.11
1,Busselton,AU,2021-01-14 12:31:57,-33.65,115.3333,68.0,58,26,17.13
2,Maraa,BR,2021-01-14 12:35:57,-1.8333,-65.3667,77.92,92,100,0.98
3,Upernavik,GL,2021-01-14 12:31:59,72.7868,-56.1549,19.15,96,100,2.64
4,Mahebourg,MU,2021-01-14 12:32:41,-20.4081,57.7,82.4,69,40,11.5
5,Punta Arenas,CL,2021-01-14 12:29:08,-53.15,-70.9167,53.6,82,75,8.05
6,Kruisfontein,ZA,2021-01-14 12:32:37,-34.0033,24.7314,90.0,59,0,7.0
7,Te Anau,NZ,2021-01-14 12:31:59,-45.4167,167.7167,53.08,87,15,0.81
8,Hobart,AU,2021-01-14 12:32:11,-42.8794,147.3294,57.99,94,75,1.14
9,Bria,CF,2021-01-14 12:35:58,6.5423,21.9863,103.98,10,0,3.4
10,Albany,US,2021-01-14 12:31:52,42.6001,-73.9662,34.0,74,100,3.36
11,Lagoa,PT,2021-01-14 12:35:59,39.05,-27.9833,61.86,89,63,16.93
12,Vanavara,RU,2021-01-14 12:35:59,60.34,102.2797,-3.46,90,100,14.09
13,Curvelo,BR,2021-01-14 12:35:59,-18.7564,-44.4308,76.89,75,100,4.72
14,Kyshtovka,RU,2021-01-14 12:35:59,56.555,76.6271,-16.47,88,0,7.87
15,Puerto Ayora,EC,2021-01-14 12:35:59,-0.7393,-90.3518,73.0,96,95,4.0
16,Faanui,PF,2021-01-14 12:36:00,-16.4833,-151.75,80.22,78,8,15.14
17,Gurlan,UZ,2021-01-14 12:36:00,41.8447,60.3919,50.0,34,0,9.22
18,Haukipudas,FI,2021-01-14 12:34:07,65.1765,25.3523,-13.0,77,0,2.3
19,Ushuaia,AR,2021-01-14 12:31:22,-54.8,-68.3,44.6,93,90,12.66
20,Rikitea,PF,2021-01-14 12:31:53,-23.1203,-134.9692,76.51,78,99,12.68
21,Bluff,NZ,2021-01-14 12:29:59,-46.6,168.3333,59.0,94,8,10.0
22,Waipawa,NZ,2021-01-14 12:32:15,-41.4122,175.5153,62.6,88,0,3.44
23,Butaritari,KI,2021-01-14 12:32:04,3.0707,172.7902,80.8,81,82,20.27
24,Vuktyl,RU,2021-01-14 12:36:02,63.8567,57.3094,-18.58,86,100,3.8
25,Solnechnyy,RU,2021-01-14 12:36:02,50.7214,136.6319,-9.72,87,19,2.33
26,Somerset East,ZA,2021-01-14 12:36:02,-32.7217,25.588,93.31,28,11,4.27
27,Mokshan,RU,2021-01-14 12:36:03,53.4365,44.6132,19.99,72,100,15.52
28,Guia Lopes Da Laguna,BR,2021-01-14 12:36:03,-21.4578,-56.1142,84.52,65,100,3.47
29,Namibe,AO,2021-01-14 12:31:56,-15.1961,12.1522,82.4,54,20,8.05
30,Pingliang,CN,2021-01-14 12:36:04,35.5392,106.6861,30.18,79,10,5.73
31,Baykit,RU,2021-01-14 12:36:04,61.67,96.37,5.49,88,100,13.2
32,Coquimbo,CL,2021-01-14 12:36:05,-29.9533,-71.3436,57.2,88,90,5.75
33,Carnarvon,AU,2021-01-14 12:28:27,-24.8667,113.6333,80.6,78,4,16.11
34,Vaini,TO,2021-01-14 12:31:42,-21.2,-175.2,78.8,94,20,4.61
35,Port Hawkesbury,CA,2021-01-14 12:32:07,45.6169,-61.3485,28.99,86,90,5.75
36,Lebu,CL,2021-01-14 12:32:10,-37.6167,-73.65,57.06,77,74,13.29
37,Vila Franca Do Campo,PT,2021-01-14 12:32:00,37.7167,-25.4333,64.99,88,40,11.5
38,Dubrovka,RU,2021-01-14 12:36:07,53.6907,33.5071,14.0,79,75,2.24
39,Sri Aman,MY,2021-01-14 12:36:07,1.2376,111.4621,75.2,100,100,1.14
40,Bambous Virieux,MU,2021-01-14 12:32:58,-20.3428,57.7575,84.0,69,40,11.5
41,Felipe Carrillo Puerto,MX,2021-01-14 12:36:07,19.5833,-88.05,69.44,98,87,3.49
42,Ancud,CL,2021-01-14 12:32:20,-41.8697,-73.8203,57.0,82,0,2.3
43,Mar Del Plata,AR,2021-01-14 12:31:13,-38.0023,-57.5575,69.8,56,0,11.5
44,Shimabara,JP,2021-01-14 12:36:08,32.7833,130.3667,48.2,87,40,3.44
45,Belaya Gora,RU,2021-01-14 12:36:08,68.5333,146.4167,-23.96,87,100,5.39
46,Port Elizabeth,ZA,2021-01-14 12:32:12,-33.918,25.5701,75.2,83,75,20.71
47,Isangel,VU,2021-01-14 12:33:01,-19.55,169.2667,78.8,94,90,2.48
48,Airai,TL,2021-01-14 12:32:52,-8.9266,125.4092,64.38,100,100,0.92
49,Yellowknife,CA,2021-01-14 12:30:22,62.456,-114.3525,6.8,85,90,5.75
50,Port Hedland,AU,2021-01-14 12:31:10,-20.3167,118.5667,91.4,75,0,11.5
51,Guerrero Negro,MX,2021-01-14 12:31:58,27.9769,-114.0611,51.87,46,0,2.26
52,Lubumbashi,CD,2021-01-14 12:33:42,-11.6609,27.4794,74.59,72,100,7.7
53,Rabo De Peixe,PT,2021-01-14 12:36:10,37.8,-25.5833,64.99,88,40,11.5
54,Dunkwa,GH,2021-01-14 12:36:10,5.9656,-1.78,97.05,37,82,1.92
55,Kenai,US,2021-01-14 12:33:15,60.5544,-151.2583,28.0,86,1,11.5
56,Moses Lake,US,2021-01-14 12:36:10,47.1301,-119.2781,33.8,80,1,3.15
57,Port Alfred,ZA,2021-01-14 12:32:07,-33.5906,26.891,77.27,79,81,24.52
58,Bournemouth,GB,2021-01-14 12:36:11,50.7205,-1.8795,50.0,87,75,19.57
59,Yeniseysk,RU,2021-01-14 12:36:11,58.4497,92.1703,1.62,92,100,11.68
60,San Cristobal,VE,2021-01-14 12:29:27,7.7669,-72.225,73.4,64,20,2.3
61,Tacuarembo,UY,2021-01-14 12:31:56,-31.7333,-55.9833,71.04,62,0,13.09
62,Cape Town,ZA,2021-01-14 12:28:44,-33.9258,18.4232,89.01,45,0,13.8
63,Corlu,TR,2021-01-14 12:36:12,41.1592,27.8,41.0,60,40,5.75
64,Dunedin,NZ,2021-01-14 12:31:55,-45.8742,170.5036,60.01,84,50,1.97
65,Mataura,NZ,2021-01-14 12:32:23,-46.1927,168.8643,59.0,94,43,10.0
66,Sola,VU,2021-01-14 12:36:12,-13.8833,167.55,78.8,94,20,10.29
67,Bereda,ES,2021-01-14 12:36:13,43.2686,-7.5406,46.99,100,99,1.99
68,Talnakh,RU,2021-01-14 12:31:57,69.4865,88.3972,-34.73,78,6,3.98
69,Yeppoon,AU,2021-01-14 12:33:11,-23.1333,150.7333,75.2,73,0,5.75
70,Ribeira Grande,PT,2021-01-14 12:30:22,38.5167,-28.7,64.4,88,75,19.57
71,Luderitz,NA,2021-01-14 12:32:36,-26.6481,15.1594,70.75,65,74,13.31
72,Port Hardy,CA,2021-01-14 12:30:00,50.6996,-127.4199,42.8,93,90,25.32
73,Meulaboh,ID,2021-01-14 12:33:52,4.1363,96.1285,76.28,82,100,7.25
74,Vao,NC,2021-01-14 12:31:29,-22.6667,167.4833,77.29,88,100,16.42
75,Tilichiki,RU,2021-01-14 12:33:58,60.4667,166.1,-24.95,85,0,7.29
76,Hilo,US,2021-01-14 12:31:55,19.7297,-155.09,68.0,64,20,6.91
77,Kodiak,US,2021-01-14 12:30:04,57.79,-152.4072,37.4,70,40,20.71
78,Kaitangata,NZ,2021-01-14 12:32:49,-46.2817,169.8464,61.0,90,79,4.0
79,Dikson,RU,2021-01-14 12:32:47,73.5069,80.5464,-27.87,79,0,3.18
80,Belle Fourche,US,2021-01-14 12:32:19,44.6714,-103.8522,32.0,37,1,37.98
81,Grand Gaube,MU,2021-01-14 12:32:47,-20.0064,57.6608,84.0,69,3,8.99
82,Rio Grande,BR,2021-01-14 12:35:45,-32.035,-52.0986,77.0,57,40,13.8
83,Geraldton,AU,2021-01-14 12:32:32,-28.7667,114.6,77.0,73,55,13.8
84,Georgetown,MY,2021-01-14 12:29:18,5.4112,100.3354,86.0,66,20,3.44
85,El Dorado,US,2021-01-14 12:36:18,38.7666,-120.5177,53.6,28,1,10.36
86,New Norfolk,AU,2021-01-14 12:31:51,-42.7826,147.0587,57.99,54,15,1.01
87,La Paz,BO,2021-01-14 12:34:48,-16.5,-68.15,44.6,87,75,5.75
88,College,US,2021-01-14 12:32:38,64.8569,-147.8028,-9.4,77,40,1.61
89,Tuatapere,NZ,2021-01-14 12:32:41,-46.1333,167.6833,59.0,94,29,10.0
90,Quimper,FR,2021-01-14 12:36:20,48.0,-4.1,50.0,87,75,19.57
91,Sur,OM,2021-01-14 12:36:20,22.5667,59.5289,72.43,57,0,11.56
92,Castro,BR,2021-01-14 12:31:56,-24.7911,-50.0119,72.46,76,55,10.94
93,Culebra,PR,2021-01-14 12:36:20,18.303,-65.301,78.8,73,40,17.27
94,Hermanus,ZA,2021-01-14 12:31:56,-34.4187,19.2345,91.0,54,0,5.99
95,Fukue,JP,2021-01-14 12:36:21,32.6881,128.8419,56.77,59,100,8.03
96,Victoria,HK,2021-01-14 12:29:53,22.2855,114.1577,60.01,54,7,5.86
97,Pevek,RU,2021-01-14 12:32:05,69.7008,170.3133,-15.83,89,28,4.05
98,Necochea,AR,2021-01-14 12:36:22,-38.5473,-58.7368,71.01,67,0,14.52
99,Bengkulu,ID,2021-01-14 12:32:13,-3.8004,102.2655,79.21,83,100,2.55
100,Severo-Kurilsk,RU,2021-01-14 12:36:22,50.6789,156.125,23.56,91,87,14.38
101,Souillac,MU,2021-01-14 12:32:03,-20.5167,57.5167,82.4,69,40,11.5
102,Kropotkin,RU,2021-01-14 12:32:29,45.4375,40.5756,39.38,73,100,1.45
103,Ngaoundere,CM,2021-01-14 12:36:23,7.3167,13.5833,87.96,13,100,7.81
104,Nanortalik,GL,2021-01-14 12:32:39,60.1432,-45.2371,26.26,95,86,6.98
105,Qasigiannguit,GL,2021-01-14 12:36:23,68.8193,-51.1922,21.2,86,75,5.75
106,Hithadhoo,MV,2021-01-14 12:28:17,-0.6,73.0833,82.15,76,98,20.98
107,Aksu,CN,2021-01-14 12:33:31,41.1231,80.2644,24.64,74,0,6.15
108,Aklavik,CA,2021-01-14 12:34:01,68.2191,-135.0107,-14.8,76,99,5.12
109,Calabozo,VE,2021-01-14 12:33:35,8.9242,-67.4293,78.66,66,11,10.49
110,Kabare,CD,2021-01-14 12:36:24,-2.4683,28.8242,63.88,86,100,3.87
111,Itarema,BR,2021-01-14 12:33:31,-2.9248,-39.9167,85.1,62,86,13.71
112,Half Moon Bay,US,2021-01-14 12:33:04,37.4636,-122.4286,57.99,87,1,7.56
113,Biak,ID,2021-01-14 12:33:12,-0.9131,122.8766,78.42,82,100,3.51
114,Kidal,ML,2021-01-14 12:36:25,18.4411,1.4078,89.04,11,0,6.93
115,Hasaki,JP,2021-01-14 12:32:02,35.7333,140.8333,48.2,76,20,4.61
116,Sitka,US,2021-01-14 12:30:58,57.0531,-135.33,41.0,70,75,13.8
117,Phon Thong,TH,2021-01-14 12:36:26,16.3016,103.9768,71.6,56,0,3.44
118,Tura,IN,2021-01-14 12:33:46,25.5198,90.2201,57.67,53,1,3.0
119,Jamestown,US,2021-01-14 12:30:33,42.097,-79.2353,35.01,93,90,5.75
120,Alyangula,AU,2021-01-14 12:33:13,-13.8483,136.4192,80.6,94,100,4.88
121,Saint-Pierre,RE,2021-01-14 12:30:07,-21.3393,55.4781,86.0,70,75,12.66
122,Kapaa,US,2021-01-14 12:32:01,22.0752,-159.319,71.6,78,90,8.05
123,Hami,CN,2021-01-14 12:33:09,42.8,93.45,19.22,81,81,1.05
124,Barrow,US,2021-01-14 12:29:47,71.2906,-156.7887,-9.4,77,1,14.97
125,Tasiilaq,GL,2021-01-14 12:32:30,65.6145,-37.6368,35.6,80,75,11.59
126,Kirando,TZ,2021-01-14 12:36:27,-7.4167,30.6,78.46,68,91,3.51
127,Alice Springs,AU,2021-01-14 12:36:28,-23.7,133.8833,89.6,22,0,5.75
128,Puerto Baquerizo Moreno,EC,2021-01-14 12:32:36,-0.9,-89.6,74.21,90,72,11.01
129,Sao Domingos,BR,2021-01-14 12:36:28,-13.3983,-46.3183,79.95,67,100,6.76
130,Nikolskoye,RU,2021-01-14 12:31:41,59.7035,30.7861,8.01,78,40,4.47
131,Nouadhibou,MR,2021-01-14 12:33:06,20.931,-17.0347,69.8,28,71,19.57
132,Sattenapalle,IN,2021-01-14 12:36:29,16.4,80.1833,82.4,57,0,6.24
133,Grindavik,IS,2021-01-14 12:32:02,63.8424,-22.4338,39.2,87,75,17.27
134,Fort Nelson,CA,2021-01-14 12:33:45,58.8053,-122.7002,6.8,85,1,4.61
135,Waslala,NI,2021-01-14 12:36:29,13.2333,-85.3833,62.6,94,75,13.8
136,Porosozero,RU,2021-01-14 12:36:30,62.7191,32.727,-15.57,88,24,5.84
137,Qaanaaq,GL,2021-01-14 12:32:01,77.484,-69.3632,-0.04,74,53,5.88
138,Avarua,CK,2021-01-14 12:32:15,-21.2078,-159.775,78.8,83,75,4.61
139,Atuona,PF,2021-01-14 12:32:16,-9.8,-139.0333,76.73,80,21,12.55
140,General Pico,AR,2021-01-14 12:36:20,-35.6566,-63.7568,79.99,26,56,18.19
141,Mao,ES,2021-01-14 12:33:13,39.8885,4.2658,53.6,71,40,4.61
142,Cherskiy,RU,2021-01-14 12:32:53,68.75,161.3,-27.6,86,63,3.33
143,Sinnamary,GF,2021-01-14 12:36:31,5.3833,-52.95,78.78,85,17,13.18
144,Sabha,LY,2021-01-14 12:36:31,27.0377,14.4283,60.53,30,0,4.36
145,Coahuayana,MX,2021-01-14 12:33:55,18.7333,-103.6833,74.55,46,96,4.23
146,Cerrito,CO,2021-01-14 12:36:32,6.8432,-72.694,68.0,100,20,5.75
147,Santa Marta,CO,2021-01-14 12:35:10,11.2408,-74.199,79.0,73,99,7.0
148,Humberto De Campos,BR,2021-01-14 12:36:32,-2.5983,-43.4611,83.43,71,95,11.05
149,Kokopo,PG,2021-01-14 12:36:33,-4.352,152.2633,80.06,78,93,2.37
150,Mineros,BO,2021-01-14 12:36:33,-17.1167,-63.2333,75.2,88,90,9.22
151,Kangaatsiaq,GL,2021-01-14 12:36:33,68.3065,-53.4641,16.05,96,100,5.46
152,Lata,PT,2021-01-14 12:32:26,40.1629,-8.3327,54.0,72,0,8.99
153,Leningradskiy,RU,2021-01-14 12:33:25,69.3833,178.4167,1.62,92,100,9.53
154,Hobyo,SO,2021-01-14 12:36:34,5.3505,48.5268,79.65,67,0,20.15
155,Oktyabrskoye,RU,2021-01-14 12:36:34,43.0645,44.7417,41.0,100,90,4.47
156,Maputo,MZ,2021-01-14 12:36:34,-25.9653,32.5892,89.6,55,20,16.11
157,Ilulissat,GL,2021-01-14 12:32:23,69.2167,-51.1,21.2,86,75,5.75
158,Maarianhamina,AX,2021-01-14 12:32:45,60.0973,19.9348,24.8,86,90,9.22
159,Denpasar,ID,2021-01-14 12:32:04,-8.65,115.2167,82.4,89,40,10.36
160,Cuajinicuilapa,MX,2021-01-14 12:36:35,16.4667,-98.4167,71.17,84,100,2.51
161,Saryg-Sep,RU,2021-01-14 12:36:35,51.5,95.6,-12.44,87,80,1.61
162,Bethel,US,2021-01-14 12:31:54,41.3712,-73.414,33.01,86,75,2.55
163,Ostrovnoy,RU,2021-01-14 12:33:21,68.0531,39.5131,0.75,92,87,22.95
164,Mujiayingzi,CN,2021-01-14 12:36:36,42.1167,118.7833,7.5,94,100,2.98
165,Khatanga,RU,2021-01-14 12:32:06,71.9667,102.5,-46.89,78,97,4.85
166,Yashan,CN,2021-01-14 12:36:36,22.1975,109.9419,60.48,30,71,2.01
167,Esperance,AU,2021-01-14 12:31:22,-33.8667,121.9,59.0,67,52,14.97
168,Atbasar,KZ,2021-01-14 12:36:37,51.8,68.3333,-13.11,84,0,8.79
169,Thompson,CA,2021-01-14 12:30:06,55.7435,-97.8558,24.8,100,90,6.91
170,Saint-Augustin,CA,2021-01-14 12:36:37,51.226,-58.6502,22.75,95,77,5.32
171,Haflong,IN,2021-01-14 12:36:37,25.1833,93.0333,56.59,61,0,0.38
172,Tuktoyaktuk,CA,2021-01-14 12:36:38,69.4541,-133.0374,-21.28,88,53,2.04
173,Carballo,ES,2021-01-14 12:36:38,43.213,-8.691,51.01,86,98,1.01
174,Jijiga,ET,2021-01-14 12:36:38,9.35,42.8,77.41,23,91,9.8
175,Hibbing,US,2021-01-14 12:36:39,47.4272,-92.9377,23.0,93,40,7.02
176,Baft,IR,2021-01-14 12:36:39,29.234,56.6057,50.77,37,0,8.16
177,Lompoc,US,2021-01-14 12:32:12,34.6391,-120.4579,64.4,81,1,3.44
178,Ouadda,CF,2021-01-14 12:36:39,8.0777,22.4007,103.95,10,13,1.79
179,Pangody,RU,2021-01-14 12:36:39,65.85,74.4859,-1.03,92,95,11.25
180,Meiktila,MM,2021-01-14 12:36:40,20.8667,95.8667,69.67,40,23,4.43
181,Longyearbyen,SJ,2021-01-14 12:32:30,78.2186,15.6401,23.0,80,75,14.97
182,Dickinson,US,2021-01-14 12:32:36,29.4608,-95.0513,48.0,93,1,4.61
183,Gamba,GA,2021-01-14 12:34:06,-2.65,10.0,77.74,82,100,1.77
184,Aktau,KZ,2021-01-14 12:36:41,43.65,51.2,48.2,61,90,20.13
185,Tommot,RU,2021-01-14 12:36:41,58.9564,126.2925,-32.69,76,35,1.61
186,Narsaq,GL,2021-01-14 12:32:18,60.9167,-46.05,28.4,80,75,3.44
187,Kloulklubed,PW,2021-01-14 12:34:02,7.0419,134.2556,78.8,89,75,3.44
188,Makakilo City,US,2021-01-14 12:33:02,21.3469,-158.0858,73.4,83,1,4.61
189,Menongue,AO,2021-01-14 12:36:42,-14.6585,17.691,68.32,83,100,4.38
190,Iqaluit,CA,2021-01-14 12:29:24,63.7506,-68.5145,-18.4,76,1,3.44
191,Zhigansk,RU,2021-01-14 12:36:43,66.7697,123.3711,-40.59,79,53,8.79
192,Norrtalje,SE,2021-01-14 12:36:43,59.758,18.705,28.99,93,75,13.8
193,Colares,PT,2021-01-14 12:36:43,38.7992,-9.4469,55.0,71,75,14.97
194,Royal Tunbridge Wells,GB,2021-01-14 12:33:17,51.1325,0.2633,43.0,97,100,1.01
195,Kavieng,PG,2021-01-14 12:32:31,-2.5744,150.7967,82.81,76,100,11.68
196,Labuhan,ID,2021-01-14 12:32:48,-6.8844,112.2051,79.81,81,100,9.71
197,Cabo San Lucas,MX,2021-01-14 12:32:39,22.8909,-109.9124,57.0,48,52,1.99
198,Taoudenni,ML,2021-01-14 12:31:44,22.6783,-3.9836,73.92,18,3,14.29
199,Ust-Maya,RU,2021-01-14 12:36:44,60.4167,134.5333,-47.15,76,86,1.34
200,Leh,IN,2021-01-14 12:34:00,34.1667,77.5833,14.92,44,100,2.15
201,Comodoro Rivadavia,AR,2021-01-14 12:33:26,-45.8667,-67.5,64.4,72,0,4.61
202,Yerbogachen,RU,2021-01-14 12:34:25,61.2767,108.0108,-5.35,88,100,13.35
203,Torbay,CA,2021-01-14 12:32:08,47.6666,-52.7314,35.01,100,90,12.66
204,Odweyne,SO,2021-01-14 12:33:58,9.4092,45.064,81.07,22,19,10.4
205,Port Moresby,PG,2021-01-14 12:36:45,-9.4431,147.1797,82.4,83,90,2.82
206,Emba,KZ,2021-01-14 12:33:35,48.8264,58.1442,11.66,89,100,21.43
207,Ngunguru,NZ,2021-01-14 12:36:46,-35.6167,174.5,62.01,90,3,9.22
208,Tiksi,RU,2021-01-14 12:32:04,71.6872,128.8694,-36.17,84,80,2.8
209,Leshukonskoye,RU,2021-01-14 12:36:46,64.8989,45.7622,-17.95,86,0,3.53
210,Nouna,BF,2021-01-14 12:36:47,12.7333,-3.8667,96.3,8,0,13.85
211,Chuy,UY,2021-01-14 12:31:18,-33.6971,-53.4616,73.27,49,0,11.05
212,Hamilton,US,2021-01-14 12:36:47,39.1834,-84.5333,33.01,86,75,10.36
213,Sangar,RU,2021-01-14 12:33:49,63.9242,127.4739,-44.99,76,12,5.75
214,Lorengau,PG,2021-01-14 12:36:47,-2.0226,147.2712,82.78,73,100,8.79
215,Skive,DK,2021-01-14 12:36:48,56.5667,9.0333,30.99,86,90,5.75
216,Sinjai,ID,2021-01-14 12:33:47,-5.1241,120.253,78.84,85,92,3.89
217,Bandarbeyla,SO,2021-01-14 12:34:01,9.4942,50.8122,77.02,62,0,21.97
218,Vila Velha,BR,2021-01-14 12:32:43,-20.3297,-40.2925,84.99,69,75,9.22
219,Kavaratti,IN,2021-01-14 12:33:15,10.5669,72.642,83.32,65,78,4.81
220,Kedrovyy,RU,2021-01-14 12:36:49,56.1667,91.8167,6.8,66,40,17.9
221,Durant,US,2021-01-14 12:35:58,33.994,-96.3708,42.01,93,1,7.81
222,Lively,CA,2021-01-14 12:36:49,46.4334,-81.1498,30.99,86,90,9.22
223,Xinyu,CN,2021-01-14 12:36:49,27.8043,114.9334,53.46,42,0,1.48
224,Trelew,AR,2021-01-14 12:36:49,-43.249,-65.3051,77.2,39,100,26.42
225,Sarangani,PH,2021-01-14 12:36:50,5.4033,125.4636,83.95,69,0,1.14
226,Bud,US,2021-01-14 12:36:50,39.447,-86.1758,30.99,86,1,5.75
227,Alofi,NU,2021-01-14 12:31:56,-19.0595,-169.9187,75.2,100,97,3.44
228,Srednekolymsk,RU,2021-01-14 12:36:50,67.45,153.6833,-16.87,88,100,6.62
229,Pemangkat,ID,2021-01-14 12:36:50,1.1667,108.9667,76.91,88,100,5.57
230,Tromso,NO,2021-01-14 12:36:51,69.6496,18.957,30.2,93,75,12.66
231,Fortuna,US,2021-01-14 12:32:17,40.5982,-124.1573,52.0,100,1,9.22
232,Smithers,CA,2021-01-14 12:36:51,54.7804,-127.1743,19.4,86,40,2.3
233,Flinders,AU,2021-01-14 12:34:52,-34.5833,150.8552,68.0,88,63,3.0
234,Lalian,PK,2021-01-14 12:36:52,31.8241,72.7997,59.83,32,100,1.59
235,Waw,SS,2021-01-14 12:36:52,7.7029,27.9953,101.64,9,34,4.29
236,Seoul,KR,2021-01-14 12:28:55,37.5683,126.9778,32.0,51,0,3.44
237,Port Augusta,AU,2021-01-14 12:36:53,-32.5,137.7667,64.4,68,40,18.41
238,Touros,BR,2021-01-14 12:32:32,-5.1989,-35.4608,82.4,78,40,11.5
239,Namie,JP,2021-01-14 12:35:02,37.4833,141.0,41.0,69,75,12.66
240,Provideniya,RU,2021-01-14 12:32:52,64.3833,-173.3,-0.94,89,81,8.08
241,Adrar,MR,2021-01-14 12:36:54,20.5022,-10.0711,73.74,18,0,17.65
242,Korla,CN,2021-01-14 12:32:48,41.7597,86.1469,24.03,82,0,12.71
243,Allada,BJ,2021-01-14 12:36:54,6.6655,2.1514,87.8,66,40,12.66
244,Caluquembe,AO,2021-01-14 12:36:54,-13.7833,14.6833,73.9,39,24,9.37
245,Arlit,NE,2021-01-14 12:36:55,18.7369,7.3853,86.85,12,0,5.66
246,Kahului,US,2021-01-14 12:32:43,20.8947,-156.47,70.0,77,1,11.54
247,Vestmannaeyjar,IS,2021-01-14 12:30:52,63.4427,-20.2734,41.0,81,20,17.27
248,Mubi,NG,2021-01-14 12:36:55,10.2676,13.2644,91.96,10,64,8.1
249,Norman Wells,CA,2021-01-14 12:32:27,65.282,-126.8329,1.4,85,90,1.7
250,Iisalmi,FI,2021-01-14 12:36:56,63.5592,27.1907,-9.4,70,0,3.44
251,Yatou,CN,2021-01-14 12:36:56,37.15,122.3833,41.18,92,100,13.51
252,Marovoay,MG,2021-01-14 12:36:56,-16.1,46.6333,87.8,74,20,17.27
253,Pangnirtung,CA,2021-01-14 12:33:10,66.1451,-65.7125,-16.6,76,20,0.38
254,Ewo,CG,2021-01-14 12:36:57,-0.8725,14.8206,85.59,54,81,7.85
255,Saint-Francois,FR,2021-01-14 12:36:57,46.4154,3.9054,46.4,81,90,12.66
256,Sao Gotardo,BR,2021-01-14 12:36:57,-19.3111,-46.0489,69.01,100,100,5.75
257,Henties Bay,NA,2021-01-14 12:36:57,-22.116,14.2845,70.77,73,37,15.5
258,Saint Anthony,US,2021-01-14 12:36:58,45.0205,-93.218,33.01,98,100,1.99
259,Ponta Do Sol,PT,2021-01-14 12:32:33,32.6667,-17.1,60.8,63,40,14.97
260,Boa Vista,BR,2021-01-14 12:36:58,2.8197,-60.6733,78.8,69,75,11.5
261,Sisimiut,GL,2021-01-14 12:34:10,66.9395,-53.6735,14.92,94,100,5.06
262,Larsnes,NO,2021-01-14 12:36:59,62.2028,5.5773,28.99,85,0,4.23
263,Stepnyak,KZ,2021-01-14 12:36:59,52.8339,70.7803,-12.08,83,0,4.27
264,Pochutla,MX,2021-01-14 12:32:08,15.7432,-96.4661,66.99,81,99,3.06
265,Quatre Cocos,MU,2021-01-14 12:32:49,-20.2078,57.7625,84.0,69,40,11.5
266,Agogo,GH,2021-01-14 12:37:00,6.8,-1.0819,98.8,23,34,2.39
267,Saskylakh,RU,2021-01-14 12:33:51,71.9167,114.0833,-46.61,75,46,6.71
268,Arraial Do Cabo,BR,2021-01-14 12:32:13,-22.9661,-42.0278,82.4,69,20,18.41
269,Bayshore Gardens,US,2021-01-14 12:37:00,27.4253,-82.5904,54.0,91,97,4.68
270,Buenos Aires,AR,2021-01-14 12:32:19,-34.6132,-58.3772,75.99,64,0,16.11
271,Semey,KZ,2021-01-14 12:33:23,50.4111,80.2275,-14.8,76,0,4.47
272,Yulara,AU,2021-01-14 12:32:23,-25.2406,130.9889,100.4,15,100,12.66
273,Onverwacht,SR,2021-01-14 12:37:01,5.5833,-55.1833,82.4,83,20,8.05
274,Asau,RO,2021-01-14 12:37:02,46.4333,26.4,36.0,43,100,5.21
275,Saint-Philippe,RE,2021-01-14 12:32:13,-21.3585,55.7679,86.0,70,75,12.66
276,Takoradi,GH,2021-01-14 12:37:02,4.8845,-1.7554,85.84,66,47,8.68
277,Abaran,ES,2021-01-14 12:37:02,38.2055,-1.3991,61.0,27,0,3.44
278,Montepuez,MZ,2021-01-14 12:37:03,-13.1256,38.9997,81.97,74,85,5.97
279,Vanderhoof,CA,2021-01-14 12:37:03,54.0166,-124.0198,18.77,94,50,1.45
280,Ridgecrest,US,2021-01-14 12:32:05,35.6225,-117.6709,33.8,47,1,2.17
281,Sao Filipe,CV,2021-01-14 12:30:26,14.8961,-24.4956,74.75,65,100,11.72
282,Pisco,PE,2021-01-14 12:32:46,-13.7,-76.2167,66.2,82,20,4.61
283,Maumere,ID,2021-01-14 12:37:04,-8.6199,122.2111,82.96,76,100,4.23
284,Ormara,PK,2021-01-14 12:32:13,25.2088,64.6357,71.55,48,0,6.22
285,Mount Gambier,AU,2021-01-14 12:33:52,-37.8333,140.7667,55.4,71,40,6.91
286,Najran,SA,2021-01-14 12:37:05,17.4924,44.1277,77.0,23,0,4.61
287,Povenets,RU,2021-01-14 12:37:05,62.8487,34.8262,-13.4,90,60,8.28
288,Frontignan,FR,2021-01-14 12:37:05,43.4485,3.754,57.2,47,0,26.46
289,Iguape,BR,2021-01-14 12:37:06,-24.7081,-47.5553,80.15,78,77,10.45
290,Tsnori,GE,2021-01-14 12:37:06,41.6209,45.9694,46.4,93,90,4.61
291,Malayal,PH,2021-01-14 12:37:06,7.208,121.942,80.6,83,75,2.3
292,Dunmore East,IE,2021-01-14 12:37:06,52.1514,-6.9861,50.0,81,75,16.11
293,Amberley,US,2021-01-14 12:37:07,39.2048,-84.428,33.01,82,74,4.0
294,Redlands,US,2021-01-14 12:33:05,34.0556,-117.1825,57.99,49,1,6.91
295,Viedma,AR,2021-01-14 12:30:27,-40.8135,-62.9967,68.0,66,100,7.0
296,Laguna,US,2021-01-14 12:33:11,38.421,-121.4238,51.01,87,1,4.61
297,Opuwo,NA,2021-01-14 12:37:07,-18.0607,13.84,83.61,23,100,13.31
298,Komsomolskiy,UZ,2021-01-14 12:32:19,40.4272,71.7189,44.6,45,0,2.3
299,Tarko-Sale,RU,2021-01-14 12:37:08,64.9225,77.785,-2.96,92,87,14.0
300,Benghazi,LY,2021-01-14 12:37:08,32.1167,20.0667,62.87,57,0,12.26
301,Chernyshkovskiy,RU,2021-01-14 12:37:08,48.4219,42.2308,27.95,97,98,7.76
302,Naifaru,MV,2021-01-14 12:37:09,5.4444,73.3657,82.09,75,97,7.87
303,Fremont,US,2021-01-14 12:36:49,37.5483,-121.9886,54.0,93,1,2.06
304,East London,ZA,2021-01-14 12:32:33,-33.0153,27.9116,71.6,100,90,14.97
305,Poum,NC,2021-01-14 12:37:09,-20.2333,164.0167,78.94,92,100,16.53
306,Los Llanos De Aridane,ES,2021-01-14 12:33:24,28.6585,-17.9182,66.2,52,40,8.05
307,Rawson,AR,2021-01-14 12:35:20,-43.3002,-65.1023,74.77,43,100,27.6
308,Elko,US,2021-01-14 12:37:10,41.0002,-115.5012,26.01,80,1,2.06
309,Mehamn,NO,2021-01-14 12:37:10,71.0357,27.8492,33.8,80,75,12.66
310,Yar-Sale,RU,2021-01-14 12:37:10,66.8333,70.8333,2.19,91,100,8.66
311,Chumikan,RU,2021-01-14 12:37:10,54.7183,135.315,-14.93,83,0,17.67
312,Nome,US,2021-01-14 12:30:53,64.5011,-165.4064,15.8,86,99,5.75
313,Kholbon,RU,2021-01-14 12:37:11,51.8833,116.25,-17.75,82,0,3.4
314,Margate,GB,2021-01-14 12:30:25,51.3813,1.3862,39.99,90,100,8.01
315,Tessalit,ML,2021-01-14 12:37:11,20.1986,1.0114,86.05,12,0,6.98
316,Isla Mujeres,MX,2021-01-14 12:37:12,21.2311,-86.731,75.0,94,75,6.91
317,Hirara,JP,2021-01-14 12:33:15,24.8,125.2833,64.4,72,40,10.36
318,Lukovetskiy,RU,2021-01-14 12:37:12,64.2956,41.9211,-25.6,68,20,3.94
319,Puerto Escondido,MX,2021-01-14 12:37:12,15.85,-97.0667,74.55,58,23,5.39
320,La Ronge,CA,2021-01-14 12:37:12,55.1001,-105.2842,28.4,69,100,9.22
321,Meybod,IR,2021-01-14 12:37:13,32.2501,54.0166,66.2,6,0,6.91
322,Ambatondrazaka,MG,2021-01-14 12:37:13,-17.8333,48.4167,82.56,64,57,8.08
323,Athni,IN,2021-01-14 12:37:13,16.7333,75.0667,81.16,34,0,6.69
324,Pilar,BR,2021-01-14 12:37:14,-9.5972,-35.9567,86.0,62,75,3.44
325,Dicabisagan,PH,2021-01-14 12:37:14,17.0818,122.4157,73.62,83,100,9.4
326,Omboue,GA,2021-01-14 12:37:14,-1.5746,9.2618,81.48,75,74,6.35
327,Saint George,US,2021-01-14 12:29:37,37.1041,-113.5841,28.4,43,1,4.61
328,Shiozawa,JP,2021-01-14 12:37:14,37.0333,138.85,36.0,92,100,1.28
329,Chokurdakh,RU,2021-01-14 12:32:24,70.6333,147.9167,-12.68,90,100,8.14
330,Taxco,MX,2021-01-14 12:37:15,18.55,-99.6,59.0,77,100,2.68
331,Gdov,RU,2021-01-14 12:37:15,58.7406,27.8122,8.51,95,97,9.04
332,Kinwat,IN,2021-01-14 12:37:15,19.6333,78.2,75.81,30,0,7.72
333,Metro,ID,2021-01-14 12:37:15,-5.1131,105.3067,77.49,86,99,6.91
334,Karratha,AU,2021-01-14 12:32:51,-20.7377,116.8463,95.67,37,0,13.13
335,San Policarpo,PH,2021-01-14 12:37:16,12.1791,125.5072,79.48,79,0,7.99
336,Mogadishu,SO,2021-01-14 12:37:16,2.0371,45.3438,80.17,69,24,22.73
337,Shunyi,CN,2021-01-14 12:37:16,40.125,116.6453,34.0,69,0,4.47
338,Newcastle,AU,2021-01-14 12:37:17,-32.9272,151.7765,75.2,83,34,12.66
339,Vrangel,RU,2021-01-14 12:37:17,42.7297,133.0839,15.42,79,72,6.35
340,Anchorage,US,2021-01-14 12:33:11,61.2181,-149.9003,32.0,93,20,5.75
341,Limbang,MY,2021-01-14 12:37:18,4.75,115.0,78.8,94,75,3.44
342,Konispol,AL,2021-01-14 12:37:18,39.6589,20.1814,59.0,44,40,4.61
343,Ketchikan,US,2021-01-14 12:32:03,55.3422,-131.6461,42.8,70,90,17.27
344,Port Macquarie,AU,2021-01-14 12:37:18,-31.4333,152.9167,71.01,88,90,12.75
345,Bilma,NE,2021-01-14 12:34:04,18.6853,12.9164,81.09,16,0,6.22
346,Marzuq,YE,2021-01-14 12:32:31,14.4,46.4667,75.04,19,22,6.85
347,Bulaevo,KZ,2021-01-14 12:37:19,54.9056,70.4439,-18.89,84,0,3.49
348,Whitehorse,CA,2021-01-14 12:32:12,60.7161,-135.0538,19.4,79,40,5.75
349,Vezirkopru,TR,2021-01-14 12:35:16,41.1436,35.4547,46.4,71,75,4.61
350,Banikoara,BJ,2021-01-14 12:37:19,11.2985,2.4386,94.77,9,65,7.11
351,Mirebalais,HT,2021-01-14 12:37:20,18.8333,-72.1053,73.4,83,40,5.75
352,Bemidji,US,2021-01-14 12:37:20,47.4736,-94.8803,32.0,100,90,4.29
353,Gorele,TR,2021-01-14 12:37:20,41.0308,39.0031,48.2,93,75,4.61
354,High Rock,BS,2021-01-14 12:37:21,26.6208,-78.2833,66.2,94,75,3.44
355,Guiren,CN,2021-01-14 12:37:21,33.6697,118.1889,46.76,60,0,8.34
356,Candelaria,PH,2021-01-14 12:37:21,13.9311,121.4233,77.0,86,84,7.0
357,Saiha,IN,2021-01-14 12:33:18,22.4833,92.9667,56.57,49,0,2.46
358,Corrente,BR,2021-01-14 12:37:21,-3.7367,-43.3394,85.21,60,89,6.98
359,Alberton,CA,2021-01-14 12:37:22,46.8168,-64.0654,30.2,86,99,5.75
360,Okha,RU,2021-01-14 12:33:40,53.5739,142.9478,-7.26,88,100,16.04
361,Kaeo,NZ,2021-01-14 12:37:22,-35.1,173.7833,62.01,90,0,3.6
362,Kysyl-Syr,RU,2021-01-14 12:37:22,63.8986,122.7617,-33.2,81,97,9.01
363,Bambari,CF,2021-01-14 12:37:23,5.768,20.6757,108.9,8,96,1.32
364,Kachug,RU,2021-01-14 12:37:23,53.9606,105.8817,-12.21,86,100,1.57
365,Mayumba,GA,2021-01-14 12:37:23,-3.432,10.6554,80.71,72,99,0.81
366,Clyde River,CA,2021-01-14 12:32:25,70.4692,-68.5914,-7.6,84,1,9.22
367,Kamaishi,JP,2021-01-14 12:33:13,39.2667,141.8833,29.8,82,0,3.27
368,Conceicao Do Araguaia,BR,2021-01-14 12:33:33,-8.2578,-49.2647,80.71,81,100,7.63
369,Honiara,SB,2021-01-14 12:33:22,-9.4333,159.95,78.31,76,98,1.36
370,Ceres,US,2021-01-14 12:37:24,37.5949,-120.9577,48.2,93,1,5.75
371,Cayenne,GF,2021-01-14 12:32:40,4.9333,-52.3333,78.8,94,90,1.14
372,Awash,ET,2021-01-14 12:37:24,8.9833,40.1667,86.99,20,15,9.75
373,Manokwari,ID,2021-01-14 12:29:29,-0.8667,134.0833,81.01,78,100,4.21
374,Neuquen,AR,2021-01-14 12:32:45,-38.9516,-68.0591,68.0,77,40,9.22
375,Holland,US,2021-01-14 12:37:25,42.7875,-86.1089,33.8,80,1,5.75
376,Sal Rei,CV,2021-01-14 12:35:32,16.1833,-22.9167,73.4,64,75,24.16
377,Snezhnogorsk,RU,2021-01-14 12:37:26,69.1933,33.2531,3.2,78,75,4.47
378,Beloha,MG,2021-01-14 12:32:56,-25.1667,45.05,89.37,51,27,18.63
379,Bilibino,RU,2021-01-14 12:34:05,68.0546,166.4372,-22.04,84,100,0.76
380,Barcelos,PT,2021-01-14 12:37:26,41.5388,-8.6151,48.2,71,0,8.05
381,Kosh-Agach,RU,2021-01-14 12:37:27,50.0,88.6667,-16.89,83,97,0.98
382,Verkhoyansk,RU,2021-01-14 12:37:27,67.5447,133.385,-44.7,65,52,2.06
383,Itoman,JP,2021-01-14 12:37:27,26.1247,127.6694,62.6,67,20,8.05
384,Katsuura,JP,2021-01-14 12:32:22,35.1333,140.3,51.8,46,0,13.8
385,Besancon,FR,2021-01-14 12:37:28,47.2488,6.0182,43.0,100,100,1.01
386,Lugovoy,KZ,2021-01-14 12:37:28,42.9472,72.7644,21.76,94,58,5.97
387,Cidreira,BR,2021-01-14 12:28:27,-30.1811,-50.2056,73.24,65,69,15.12
388,Zyryanskoye,RU,2021-01-14 12:37:29,56.8306,86.6258,-6.72,90,100,17.22
389,Salinopolis,BR,2021-01-14 12:37:30,-0.6136,-47.3561,84.42,68,35,13.62
390,Yabelo,ET,2021-01-14 12:32:19,4.8833,38.0833,79.27,22,0,6.62
391,Nankana Sahib,PK,2021-01-14 12:37:30,31.4475,73.6972,53.6,82,40,4.61
392,Mango,US,2021-01-14 12:37:30,27.9797,-82.3065,52.0,93,90,1.16
393,Iracoubo,GF,2021-01-14 12:37:30,5.4802,-53.2011,78.46,86,32,12.91
394,Amapa,BR,2021-01-14 12:34:15,1.0,-52.0,81.54,69,69,4.74
395,Xining,CN,2021-01-14 12:37:31,36.6167,101.7667,28.6,62,0,3.24
396,Les Cayes,HT,2021-01-14 12:37:31,18.2,-73.75,76.98,76,36,4.59
397,Prokhorovka,RU,2021-01-14 12:36:25,51.0374,36.7325,19.4,86,90,4.47
398,Soyo,AO,2021-01-14 12:33:00,-6.1349,12.3689,87.8,62,20,8.05
399,Vardo,NO,2021-01-14 12:31:55,70.3705,31.1107,28.4,80,20,12.19
400,Lokosovo,RU,2021-01-14 12:37:32,61.1333,74.8167,-8.59,87,4,12.44
401,Puerto Quijarro,BO,2021-01-14 12:37:32,-17.7833,-57.7667,79.07,83,100,0.34
402,Matay,EG,2021-01-14 12:37:32,28.419,30.7792,66.15,31,0,17.02
403,Porto Da Folha,BR,2021-01-14 12:37:33,-9.9172,-37.2783,90.45,38,98,7.96
404,Roma,US,2021-01-14 12:36:04,43.2128,-75.4557,35.6,69,90,5.75
405,Ust-Nera,RU,2021-01-14 12:37:33,64.5667,143.2,-26.45,76,100,2.35
406,Havre-Saint-Pierre,CA,2021-01-14 12:34:02,50.2334,-63.5986,19.4,93,75,6.91
407,Gizo,SB,2021-01-14 12:37:33,-8.103,156.8419,83.52,72,100,12.95
408,Filadelfia,US,2021-01-14 12:34:28,39.9523,-75.1638,36.0,86,90,3.44
409,Winnemucca,US,2021-01-14 12:35:51,40.973,-117.7357,35.01,87,33,3.31
410,Ramhormoz,IR,2021-01-14 12:37:34,31.28,49.6035,71.6,37,75,6.91
411,Kedougou,SN,2021-01-14 12:37:35,12.5579,-12.1743,91.4,16,0,6.91
412,Shubarkuduk,KZ,2021-01-14 12:37:35,49.1447,56.4872,15.58,89,100,27.04
413,Pacifica,US,2021-01-14 12:37:30,37.6138,-122.4869,55.99,87,20,3.44
414,Olafsvik,IS,2021-01-14 12:37:35,64.8945,-23.7142,40.05,82,99,23.82
415,Aloleng,PH,2021-01-14 12:33:48,16.1307,119.7824,78.06,81,100,10.89
416,Marathon,US,2021-01-14 12:37:36,44.9,-89.7668,26.01,86,1,6.91
417,Pitimbu,BR,2021-01-14 12:37:36,-7.4706,-34.8086,84.2,65,75,9.22
418,Eratira,GR,2021-01-14 12:37:36,40.35,21.5167,37.4,48,75,6.91
419,Cockburn Town,TC,2021-01-14 12:34:20,21.4612,-71.1419,77.88,78,99,14.7
420,Damaturu,NG,2021-01-14 12:37:37,11.747,11.9608,90.23,11,59,9.48
421,Ahipara,NZ,2021-01-14 12:30:46,-35.1667,173.1667,62.29,90,2,6.78
422,Muros,ES,2021-01-14 12:33:49,42.7762,-9.0603,51.01,78,100,1.99
423,Qujing,CN,2021-01-14 12:37:37,25.4833,103.7833,48.99,59,0,5.68
424,Marsala,IT,2021-01-14 12:37:38,37.7966,12.4352,59.0,77,75,23.02
425,Diamantino,BR,2021-01-14 12:37:38,-14.4086,-56.4461,80.46,80,99,5.28
426,Petropavlovsk-Kamchatskiy,RU,2021-01-14 12:32:04,53.0452,158.6483,-2.2,65,100,8.95
427,Rockhampton,AU,2021-01-14 12:37:39,-23.3833,150.5,75.2,73,0,5.75
428,Nakatunguru,TZ,2021-01-14 12:37:39,-2.1167,33.0667,77.0,69,20,11.5
429,Darab,IR,2021-01-14 12:37:40,28.7519,54.5444,63.36,26,0,3.09
430,Kiunga,PG,2021-01-14 12:33:55,-6.1219,141.2906,75.67,97,100,2.3
431,Mandurah,AU,2021-01-14 12:37:40,-32.55,115.7,82.99,29,0,5.01
432,Illapel,CL,2021-01-14 12:37:41,-31.6308,-71.1653,73.58,33,0,5.7
433,San Ramon,US,2021-01-14 12:37:41,37.7799,-121.978,54.0,93,1,3.42
434,Dauphin,CA,2021-01-14 12:37:41,51.1494,-100.0502,28.74,95,100,14.54
435,Kilindoni,TZ,2021-01-14 12:37:42,-7.9139,39.6668,81.57,78,29,14.88
436,Port Keats,AU,2021-01-14 12:37:42,-14.25,129.55,83.43,80,100,8.43
437,Gubkinskiy,RU,2021-01-14 12:37:42,64.434,76.5026,-5.28,88,91,13.0
438,Beirut,LB,2021-01-14 12:35:23,33.8889,35.4944,60.8,77,75,13.8
439,Tazovskiy,RU,2021-01-14 12:37:43,67.4667,78.7,-21.01,83,100,6.35
440,San Rafael,AR,2021-01-14 12:33:23,-34.6177,-68.3301,77.67,51,0,13.22
441,Lensk,RU,2021-01-14 12:37:43,60.7253,114.9278,-6.16,87,100,11.05
442,Gigmoto,PH,2021-01-14 12:32:21,13.7796,124.39,78.58,87,78,13.29
443,Singaparna,ID,2021-01-14 12:33:38,-7.3515,108.111,72.86,87,100,1.28
444,Miyoshi,JP,2021-01-14 12:34:17,35.0833,137.0667,50.0,66,20,17.27
445,Asosa,ET,2021-01-14 12:37:44,10.0667,34.5333,85.42,16,1,7.34
446,Jember,ID,2021-01-14 12:37:44,-8.166,113.7032,75.9,87,88,1.25
447,Solwezi,ZM,2021-01-14 12:37:44,-12.1688,26.3894,72.12,79,99,5.86
448,Erdenet,MN,2021-01-14 12:32:51,49.0333,104.0833,-10.07,84,74,2.8
449,Batagay,RU,2021-01-14 12:37:45,67.6333,134.6333,-45.17,70,64,1.28
450,Canto Do Buriti,BR,2021-01-14 12:37:45,-8.11,-42.9444,79.11,82,54,6.87
451,Santander,ES,2021-01-14 12:37:45,43.4647,-3.8044,51.8,62,75,10.36
452,Abu Samrah,SY,2021-01-14 12:37:46,35.3029,37.1841,53.73,71,100,19.86
453,Varzea Da Palma,BR,2021-01-14 12:37:46,-17.5981,-44.7308,78.42,76,100,3.76
454,San Quintin,MX,2021-01-14 12:32:01,30.4833,-115.95,56.39,51,0,1.25
455,Anadyr,RU,2021-01-14 12:37:46,64.75,177.4833,-14.01,76,75,6.71
456,Bitung,ID,2021-01-14 12:37:46,1.4451,125.1824,78.8,94,40,3.44
457,Zemio,CF,2021-01-14 12:37:47,5.0314,25.1361,100.87,13,46,4.18
458,Cabedelo,BR,2021-01-14 12:37:48,-6.9811,-34.8339,84.2,65,75,9.22
459,Vostok,RU,2021-01-14 12:34:13,46.4856,135.8833,-8.48,91,100,4.45
460,Concepcion,CL,2021-01-14 12:37:48,-36.827,-73.0498,55.4,76,0,8.05
461,Nemuro,JP,2021-01-14 12:32:54,43.3236,145.575,25.7,91,99,27.2
462,Rorvik,NO,2021-01-14 12:37:49,64.8621,11.2373,15.8,92,0,1.14
463,Sagaing,MM,2021-01-14 12:37:49,21.8787,95.9797,77.0,61,20,4.61
464,Vanimo,PG,2021-01-14 12:33:35,-2.6741,141.3028,79.84,82,100,6.62
465,Dalby,AU,2021-01-14 12:37:50,-27.1833,151.2667,77.0,56,0,1.01
466,Capoterra,IT,2021-01-14 12:37:50,39.1763,8.9718,57.99,72,75,17.27
467,Osoyoos,CA,2021-01-14 12:34:12,49.0331,-119.4524,24.8,86,0,2.35
468,Kalmunai,LK,2021-01-14 12:37:51,7.4167,81.8167,79.34,84,8,4.88
469,Acajutla,SV,2021-01-14 12:37:51,13.5928,-89.8275,76.6,65,0,6.6
470,Bathsheba,BB,2021-01-14 12:32:08,13.2167,-59.5167,80.6,69,40,16.11
471,Husavik,IS,2021-01-14 12:34:42,66.0449,-17.3389,35.6,75,0,4.61
472,Honningsvag,NO,2021-01-14 12:37:51,70.9821,25.9704,33.8,93,75,6.91
473,Ponta Delgada,PT,2021-01-14 12:33:43,37.7333,-25.6667,64.99,88,40,11.5
474,Tavda,RU,2021-01-14 12:37:52,58.0425,65.2726,-13.07,88,0,5.68
475,Hay River,CA,2021-01-14 12:37:52,60.8156,-115.7999,14.0,79,99,8.05
476,Moose Factory,CA,2021-01-14 12:37:52,51.2585,-80.6094,23.0,93,90,3.44
477,Lavrentiya,RU,2021-01-14 12:30:57,65.5833,-171.0,-0.08,90,83,3.8
478,Klaksvik,FO,2021-01-14 12:32:38,62.2266,-6.589,41.0,93,40,9.22
479,Katiola,CI,2021-01-14 12:37:53,8.1333,-5.1,86.0,54,75,4.61
480,Peleduy,RU,2021-01-14 12:37:53,59.6289,112.7406,-4.41,88,100,13.91
481,Kautokeino,NO,2021-01-14 12:37:54,69.0125,23.0412,13.69,88,100,3.96
482,Limoux,FR,2021-01-14 12:37:54,42.9167,2.1667,52.0,66,90,18.41
483,Miura,JP,2021-01-14 12:37:54,35.14,139.6192,48.99,46,0,3.0
484,Avera,US,2021-01-14 12:37:54,33.194,-82.5271,34.0,100,1,8.3
485,Camopi,GF,2021-01-14 12:37:54,3.1655,-52.3158,76.71,91,90,2.91
486,Maraba,BR,2021-01-14 12:34:17,-5.3686,-49.1178,80.6,83,75,3.44
487,Tandil,AR,2021-01-14 12:33:53,-37.3217,-59.1332,71.01,62,0,8.99
488,Khislavichi,RU,2021-01-14 12:37:55,54.1871,32.1582,7.97,95,100,6.93
489,Zapolyarnyy,RU,2021-01-14 12:37:55,69.4154,30.8136,5.0,78,40,8.05
490,Tagusao,PH,2021-01-14 12:37:55,9.1924,117.8141,79.92,83,70,6.78
491,Kindu,CD,2021-01-14 12:37:56,-2.95,25.95,71.55,96,100,1.54
492,Parabel,RU,2021-01-14 12:37:56,58.6978,81.4825,-8.7,90,92,10.69
493,Tiarei,PF,2021-01-14 12:37:56,-17.5333,-149.3333,77.0,78,20,2.3
494,La Reforma,MX,2021-01-14 12:37:57,25.0833,-108.05,48.99,84,0,1.99
495,Richards Bay,ZA,2021-01-14 12:28:20,-28.783,32.0377,87.69,55,48,14.56
496,Hit,IQ,2021-01-14 12:37:57,33.6416,42.8251,62.47,40,35,1.12
497,Amparafaravola,MG,2021-01-14 12:37:58,-17.5833,48.2167,86.47,50,67,1.81
498,Siocon,PH,2021-01-14 12:37:58,7.7061,122.1353,79.05,85,100,7.67
499,Vitoria,BR,2021-01-14 12:33:58,-20.3194,-40.3378,84.99,69,75,9.22
500,Uige,AO,2021-01-14 12:37:59,-7.6087,15.0613,78.8,61,75,11.5
501,Suhbaatar,MN,2021-01-14 12:37:59,50.2314,106.2078,-10.07,84,99,4.23
502,Padang,ID,2021-01-14 12:28:43,-0.9492,100.3543,81.28,68,88,2.86
503,Raudeberg,NO,2021-01-14 12:37:59,61.9875,5.1352,28.99,69,0,8.05
504,Santa Rosa,PH,2021-01-14 12:32:25,14.3122,121.1114,80.6,78,40,5.75
505,Balikpapan,ID,2021-01-14 12:38:00,-1.2675,116.8289,82.4,74,40,8.05
506,Robertson,US,2021-01-14 12:38:00,36.5167,-86.8667,35.6,87,1,10.36
507,Agirish,RU,2021-01-14 12:38:00,61.9247,63.0231,-8.1,88,3,7.14
508,Chegutu,ZW,2021-01-14 12:38:01,-18.1302,30.1407,75.47,82,99,5.75
509,Afzalpur,IN,2021-01-14 12:38:01,17.2,76.35,83.14,28,0,7.07
510,Poquoson,US,2021-01-14 12:37:41,37.1224,-76.3458,39.99,100,75,3.44
511,Zhengjiatun,CN,2021-01-14 12:38:02,43.5064,123.5064,9.34,95,100,10.54
512,Gogrial,SS,2021-01-14 12:38:02,8.5332,28.1004,99.91,9,34,5.53
513,Antsohihy,MG,2021-01-14 12:38:02,-14.8796,47.9875,86.61,72,98,6.69
514,Axim,GH,2021-01-14 12:33:28,4.8699,-2.2405,84.25,69,70,7.31
515,Cairns,AU,2021-01-14 12:33:25,-16.9167,145.7667,78.01,88,75,2.3
516,Caravelas,BR,2021-01-14 12:38:03,-17.7125,-39.2481,84.47,57,66,5.97
517,Nuuk,GL,2021-01-14 12:32:10,64.1835,-51.7216,23.0,93,75,3.44
518,Sioux City,US,2021-01-14 12:38:03,42.5,-96.4003,37.4,87,90,29.93
519,Ranong,TH,2021-01-14 12:38:04,9.9658,98.6348,78.8,69,20,3.44
520,Nishihara,JP,2021-01-14 12:32:43,26.1842,127.7558,62.6,59,75,6.91
521,Weinan,CN,2021-01-14 12:38:04,34.5036,109.5089,41.0,38,6,8.95
522,Wakefield,GB,2021-01-14 12:38:04,53.6809,-1.499,34.0,98,100,8.46
523,Saint-Leu,RE,2021-01-14 12:38:04,-21.15,55.2833,86.0,70,75,12.66
524,Khrebtovaya,RU,2021-01-14 12:38:05,56.7032,104.2494,-3.48,92,100,13.58
525,Tamandare,BR,2021-01-14 12:34:07,-8.7597,-35.1047,83.73,63,75,10.78
526,Ghauspur,PK,2021-01-14 12:38:05,28.1391,69.0831,68.0,56,40,2.3
527,Tezu,IN,2021-01-14 12:38:05,27.9167,96.1667,62.13,57,0,3.71
528,Bambanglipuro,ID,2021-01-14 12:31:55,-7.95,110.2833,74.89,83,100,5.91
529,Ixtapa,MX,2021-01-14 12:38:06,20.7,-105.2,59.0,94,1,2.59
530,Nara,JP,2021-01-14 12:38:06,34.6851,135.8049,46.4,76,20,5.75
531,Sawakin,SD,2021-01-14 12:38:06,19.1059,37.3321,81.61,62,8,11.3
532,Teguldet,RU,2021-01-14 12:38:06,57.3064,88.1667,-5.08,90,100,15.52
533,Derzhavinsk,KZ,2021-01-14 12:32:29,51.1,66.3167,-8.9,87,0,12.57
534,Saldanha,ZA,2021-01-14 12:32:27,-33.0117,17.9442,86.0,59,0,11.5
535,Mayo,US,2021-01-14 12:32:41,38.8876,-76.5119,33.8,100,40,5.75
536,Sorong,ID,2021-01-14 12:33:52,-0.8833,131.25,82.78,79,100,4.83
537,Plettenberg Bay,ZA,2021-01-14 12:37:09,-34.0527,23.3716,76.71,75,13,14.56
538,Inongo,CD,2021-01-14 12:38:08,-1.95,18.2667,81.05,71,100,0.76
539,Hue,VN,2021-01-14 12:38:08,16.4667,107.6,66.2,88,40,1.14
540,Magadan,RU,2021-01-14 12:38:08,59.5667,150.8,-15.29,77,0,8.03
541,Desaguadero,PE,2021-01-14 12:38:09,-16.5656,-69.0417,49.66,67,66,7.67
542,Divo,CI,2021-01-14 12:38:09,5.8397,-5.36,95.4,41,92,0.89
543,Marawi,PH,2021-01-14 12:38:09,7.9986,124.2928,77.0,93,100,1.99
544,Sovetskiy,RU,2021-01-14 12:38:09,61.3614,63.5842,-11.42,90,0,6.2
545,San Luis,AR,2021-01-14 12:38:10,-33.295,-66.3356,79.45,45,0,15.46
546,Fare,PF,2021-01-14 12:30:39,-16.7,-151.0167,80.56,76,16,14.61
547,Touho,NC,2021-01-14 12:38:10,-20.7833,165.2333,76.57,93,100,8.93
548,Los Alamos,US,2021-01-14 12:38:11,35.8881,-106.307,30.2,59,1,3.44
549,Mount Isa,AU,2021-01-14 12:31:32,-20.7333,139.5,84.2,34,100,4.61
550,Banihal,IN,2021-01-14 12:38:11,33.4167,75.2,33.49,74,100,6.49
551,Looc,PH,2021-01-14 12:38:11,12.2605,121.9926,78.44,84,30,13.33
552,Datong,CN,2021-01-14 12:38:12,40.0936,113.2914,26.8,68,1,10.54
553,Zlobin,HR,2021-01-14 12:38:12,45.2924,14.6541,51.01,43,40,9.22
554,Zhangjiakou,CN,2021-01-14 12:38:12,40.81,114.8794,21.31,85,0,5.06
555,Kandiaro,PK,2021-01-14 12:38:12,27.0601,68.2091,71.49,16,61,7.52
556,Garden City,US,2021-01-14 12:38:12,42.3256,-83.331,37.4,80,90,4.23
557,Atar,MR,2021-01-14 12:32:59,20.5169,-13.0499,75.2,11,7,11.5
558,Sheridan,US,2021-01-14 12:33:39,44.8333,-106.9173,35.6,38,75,23.02
559,Carutapera,BR,2021-01-14 12:34:07,-1.195,-46.02,85.62,62,29,12.03
560,Acatlan,MX,2021-01-14 12:38:13,20.15,-98.45,48.69,80,91,4.14
561,Rostovka,RU,2021-01-14 12:38:14,55.3842,71.8891,-16.73,85,0,4.61
562,Marshfield,US,2021-01-14 12:38:14,44.6689,-90.1718,26.6,93,1,8.05
563,Moerai,PF,2021-01-14 12:38:14,-22.4333,-151.3333,78.42,79,0,14.41
564,Botngard,NO,2021-01-14 12:38:14,63.7653,9.8111,23.0,86,40,13.8
565,Salalah,OM,2021-01-14 12:33:07,17.0151,54.0924,87.8,12,0,12.66
566,Kutum,SD,2021-01-14 12:38:15,14.2,24.6667,79.63,15,0,10.65
567,Abrau-Dyurso,RU,2021-01-14 12:38:15,44.69,37.59,41.0,60,0,11.18
568,Muroto,JP,2021-01-14 12:35:12,33.2833,134.15,48.2,61,40,6.91
569,Madison,US,2021-01-14 12:34:12,34.7334,-86.5667,32.0,100,1,3.44
